{"train_loss": [0.7089435558551948, 0.16377802080911125, 0.024008968480824542, 0.005513003986786238], "val_loss": [0.4166775770908321, 0.40227960607743557, 0.49703919027020455, 0.5004067459790372]}